,O,PER_B,PER_I,LOC_B,LOC_I,ORG_B,ORG_I,accuracy,macro avg,weighted avg
precision,0.9939009106859387,0.9163763066202091,0.9649122807017544,0.8424657534246576,0.8840579710144928,0.6966463414634146,0.60546875,0.9756605593056895,0.8434040448443525,0.9787482868580105
recall,0.9864831246372004,0.9195804195804196,0.9016393442622951,0.8172757475083057,0.5083333333333333,0.8400735294117647,0.8310991957104558,0.9756605593056895,0.8292120992062534,0.9756605593056895
f1-score,0.9901781255202264,0.9179755671902269,0.9322033898305084,0.8296795952782462,0.6455026455026456,0.7616666666666667,0.7005649717514124,0.9756605593056895,0.8253958516771334,0.9765516505543385
support,24118.0,286.0,183.0,301.0,120.0,544.0,373.0,0.9756605593056895,25925.0,25925.0
