,O,PER_B,PER_I,LOC_B,LOC_I,ORG_B,ORG_I,micro avg,macro avg,weighted avg
precision,0.9939009106859387,0.9563318777292577,0.0,0.9058171745152355,0.0,0.6986301369863014,0.0,0.9787078109932498,0.5078114428452476,0.9813467572098685
recall,0.9864831246372004,0.9339019189765458,0.0,0.7767220902612827,0.0,0.8898582333696837,0.0,0.9787078109932498,0.5124236238921018,0.9787078109932498
f1-score,0.9901781255202264,0.9449838187702265,0.0,0.8363171355498722,0.0,0.7827338129496403,0.0,0.9787078109932498,0.5077446989699951,0.9795243920093104
support,24118.0,469.0,0.0,421.0,0.0,917.0,0.0,25925.0,25925.0,25925.0
